﻿Avg_Unit_Size_per_Dvp,Development_Type
61.75,Small PDR Developments
76,Small PDR Developments
48.5,Small PDR Developments
37,Small PDR Developments
54,Small PDR Developments
66.7,Small PDR Developments
128,Small PDR Developments
95.16666667,Small PDR Developments
71,Small PDR Developments
41.08571429,Small PDR Developments
73,Small PDR Developments
55,Small PDR Developments
76.85714286,Small PDR Developments
55,Small PDR Developments
71.83333333,Small PDR Developments
36.625,Small PDR Developments
20.8,Small PDR Developments
38,Small PDR Developments
41,Small PDR Developments
39.33333333,Small PDR Developments
49.66666667,Small PDR Developments
65,Small PDR Developments
78.8,Small PDR Developments
49.33333333,Small PDR Developments
27,Small PDR Developments
55.23076923,Small PDR Developments
22.5,Small PDR Developments
32,Small PDR Developments
51,Small PDR Developments
66.6,Small PDR Developments
43.66666667,Small PDR Developments
57.5,Small PDR Developments
61,Small PDR Developments
74.96551724,Small PDR Developments
30,Small PDR Developments
197,Small PDR Developments
24.2,Small PDR Developments
95.5,Small PDR Developments
88.93333333,Small PDR Developments
63,Small PDR Developments
48.5,Small PDR Developments
65.28571429,Small PDR Developments
78.7,Small PDR Developments
50.8,Small PDR Developments
53,Small PDR Developments
79,Small PDR Developments
67,Small PDR Developments
71.42857143,Small PDR Developments
74.66666667,Small PDR Developments
95,Small PDR Developments
61,Small PDR Developments
55.28571429,Small PDR Developments
61,Small PDR Developments
32,Small PDR Developments
75,Small PDR Developments
134,Small PDR Developments
136,Small PDR Developments
73.5,Small PDR Developments
58,Small PDR Developments
52.5,Small PDR Developments
59.83333333,Small PDR Developments
75,Small PDR Developments
77.5,Small PDR Developments
121.3333333,Small PDR Developments
106,Small PDR Developments
87,Small PDR Developments
87.77777778,Small PDR Developments
82.25,Small PDR Developments
123,Small PDR Developments
46,Small PDR Developments
64.11111111,Small PDR Developments
66,Small PDR Developments
56,Small PDR Developments
59.66666667,Small PDR Developments
91.5,Small PDR Developments
82,Small PDR Developments
128.75,Small PDR Developments
55,Small PDR Developments
76,Small PDR Developments
138,Small PDR Developments
116,Small PDR Developments
71.26315789,Small PDR Developments
70,Small PDR Developments
80.33333333,Small PDR Developments
49,Small PDR Developments
70,Small PDR Developments
91,Small PDR Developments
125,Small PDR Developments
106,Small PDR Developments
78,Small PDR Developments
110.5,Small PDR Developments
87,Small PDR Developments
53,Small PDR Developments
44,Small PDR Developments
450,Small PDR Developments
55.89473684,Small PDR Developments
46.875,Small PDR Developments
65,Small PDR Developments
87.5,Small PDR Developments
123,Small PDR Developments
45,Small PDR Developments
111.5,Small PDR Developments
67.66666667,Small PDR Developments
81,Small PDR Developments
41.76923077,Small PDR Developments
78.66666667,Small PDR Developments
68,Small PDR Developments
56,Small PDR Developments
82,Small PDR Developments
88.5,Small PDR Developments
70.5,Small PDR Developments
63.5,Small PDR Developments
125,Small PDR Developments
48,Small PDR Developments
70,Small PDR Developments
77,Small PDR Developments
70,Small PDR Developments
93,Small PDR Developments
61.05882353,Small PDR Developments
48,Small PDR Developments
24.5,Small PDR Developments
38,Small PDR Developments
87.11111111,Small PDR Developments
82.5,Small PDR Developments
36.25,Small PDR Developments
69,Small PDR Developments
55,Small PDR Developments
112,Small PDR Developments
51.5,Small PDR Developments
56,Small PDR Developments
57.77777778,Small PDR Developments
69.25,Small PDR Developments
64.6875,Small PDR Developments
61.43478261,Small PDR Developments
52.5,Small PDR Developments
44,Small PDR Developments
54.3,Small PDR Developments
47,Small PDR Developments
78.25,Small PDR Developments
55,Small PDR Developments
49.88888889,Small PDR Developments
77,Small PDR Developments
65,Small PDR Developments
88,Small PDR Developments
35,Small PDR Developments
62,Small PDR Developments
118,Small PDR Developments
77.57575758,Small PDR Developments
34,Small PDR Developments
90.66666667,Small PDR Developments
62,Small PDR Developments
52,Small PDR Developments
81,Small PDR Developments
60.625,Small PDR Developments
59.82352941,Small PDR Developments
72.91666667,Small PDR Developments
77.45454545,Small PDR Developments
38,Small PDR Developments
42,Small PDR Developments
89,Small PDR Developments
65.5,Small PDR Developments
67.5,Small PDR Developments
52.87037037,Small PDR Developments
52,Small PDR Developments
60,Small PDR Developments
57,Small PDR Developments
68,Small PDR Developments
75.75,Small PDR Developments
78,Small PDR Developments
58.4,Small PDR Developments
78,Small PDR Developments
58,Small PDR Developments
75,Small PDR Developments
45.2,Small PDR Developments
62,Small PDR Developments
43.33333333,Small PDR Developments
66,Small PDR Developments
113,Small PDR Developments
191,Small PDR Developments
83.27272727,Small PDR Developments
45.33333333,Small PDR Developments
48.14285714,Small PDR Developments
47.71428571,Small PDR Developments
48.14285714,Small PDR Developments
65,Small PDR Developments
74.38461538,Small PDR Developments
60.71428571,Small PDR Developments
115,Small PDR Developments
72,Small PDR Developments
67,Small PDR Developments
72,Small PDR Developments
48.5,Small PDR Developments
53,Small PDR Developments
118,Small PDR Developments
118,Small PDR Developments
89,Small PDR Developments
50,Small PDR Developments
49,Small PDR Developments
70,Small PDR Developments
64.15384615,Small PDR Developments
60.75,Small PDR Developments
64.66666667,Small PDR Developments
51.8,Small PDR Developments
35.4,Small PDR Developments
78.33333333,Small PDR Developments
71.66666667,Small PDR Developments
98,Small PDR Developments
29.33333333,Small PDR Developments
66.25,Small PDR Developments
33.5,Small PDR Developments
53.5,Small PDR Developments
71,Small PDR Developments
159,Small PDR Developments
44.66666667,Small PDR Developments
118.6666667,Small PDR Developments
74,Small PDR Developments
108.6666667,Small PDR Developments
48.66666667,Small PDR Developments
73.53846154,Small PDR Developments
78,Small PDR Developments
59.76923077,Small PDR Developments
83.61538462,Small PDR Developments
54.14285714,Small PDR Developments
103.7142857,Small PDR Developments
87.77777778,Small PDR Developments
105,Small PDR Developments
72,Small PDR Developments
72.75,Small PDR Developments
61.33333333,Small PDR Developments
62,Small PDR Developments
103.3333333,Small PDR Developments
56,Small PDR Developments
40,Small PDR Developments
112,Small PDR Developments
55.4,Small PDR Developments
77.61538462,Small PDR Developments
90,Small PDR Developments
51,Small PDR Developments
63.27272727,Small PDR Developments
31,Small PDR Developments
101,Small PDR Developments
33,Small PDR Developments
248,Small PDR Developments
53,Small PDR Developments
35.6,Small PDR Developments
52,Small PDR Developments
80,Small PDR Developments
52,Small PDR Developments
66,Small PDR Developments
63,Small PDR Developments
38.75,Small PDR Developments
50,Small PDR Developments
45.66666667,Small PDR Developments
39.875,Small PDR Developments
54,Small PDR Developments
52,Small PDR Developments
38,Small PDR Developments
68.1875,Small PDR Developments
50.16666667,Small PDR Developments
54.42857143,Small PDR Developments
58,Small PDR Developments
606,Small PDR Developments
76,Small PDR Developments
52.5,Small PDR Developments
76.59090909,Small PDR Developments
64.33333333,Small PDR Developments
30,Small PDR Developments
39.05714286,Small PDR Developments
80.66666667,Small PDR Developments
31.5,Small PDR Developments
82,Small PDR Developments
67,Small PDR Developments
55,Small PDR Developments
106,Small PDR Developments
48.33333333,Small PDR Developments
59,Small PDR Developments
50.875,Small PDR Developments
69,Small PDR Developments
75.75,Small PDR Developments
89,Small PDR Developments
54.6,Small PDR Developments
73.25,Small PDR Developments
61.75,Small PDR Developments
20,Small PDR Developments
46,Small PDR Developments
40,Small PDR Developments
40,Small PDR Developments
58,Small PDR Developments
70.8,Small PDR Developments
47,Small PDR Developments
61,Small PDR Developments
46.33333333,Small PDR Developments
48,Small PDR Developments
46,Small PDR Developments
49.33333333,Small PDR Developments
50.5,Small PDR Developments
37,Small PDR Developments
59,Small PDR Developments
96.25,Small PDR Developments
50.2,Small PDR Developments
73,Small PDR Developments
72.5,Small PDR Developments
54,Small PDR Developments
78,Small PDR Developments
28.8,Small PDR Developments
80.625,Small PDR Developments
41,Small PDR Developments
41,Small PDR Developments
51.08333333,Small PDR Developments
37,Small PDR Developments
45,Small PDR Developments
55.16666667,Small PDR Developments
86.89285714,Small PDR Developments
77,Small PDR Developments
71,Small PDR Developments
46,Small PDR Developments
51,Small PDR Developments
90,Small PDR Developments
44.33333333,Small PDR Developments
53,Small PDR Developments
50,Small PDR Developments
92,Small PDR Developments
49.6,Small PDR Developments
67,Small PDR Developments
73,Small PDR Developments
40,Small PDR Developments
355,Small PDR Developments
53.8,Small PDR Developments
173.6666667,Small PDR Developments
31.07142857,Small PDR Developments
65,Small PDR Developments
34.6,Small PDR Developments
123.25,Small PDR Developments
93,Small PDR Developments
102.5,Small PDR Developments
31,Small PDR Developments
53,Small PDR Developments
84,Small PDR Developments
43,Small PDR Developments
64,Small PDR Developments
49,Small PDR Developments
25,Small PDR Developments
125,Small PDR Developments
64.42857143,Small PDR Developments
44,Small PDR Developments
20.33333333,Small PDR Developments
41.33333333,Small PDR Developments
90,Small PDR Developments
42.5,Small PDR Developments
78,Small PDR Developments
38,Small PDR Developments
95,Small PDR Developments
66,Small PDR Developments
48,Small PDR Developments
49.11111111,Small PDR Developments
68.25,Small PDR Developments
87,Small PDR Developments
50,Small PDR Developments
57.73076923,Small PDR Developments
74,Small PDR Developments
95.25,Small PDR Developments
68.77777778,Small PDR Developments
76,Small PDR Developments
46,Small PDR Developments
30.44444444,Small PDR Developments
62.5,Small PDR Developments
41,Small PDR Developments
42,Small PDR Developments
104,Small PDR Developments
55.5,Small PDR Developments
62,Small PDR Developments
97,Small PDR Developments
59.625,Small PDR Developments
25,Small PDR Developments
59,Small PDR Developments
51,Small PDR Developments
46.92307692,Small PDR Developments
40,Small PDR Developments
39.875,Small PDR Developments
61,Small PDR Developments
37,Small PDR Developments
56,Small PDR Developments
77.5,Small PDR Developments
48,Small PDR Developments
65,Small PDR Developments
42,Small PDR Developments
56.38461538,Small PDR Developments
84,Small PDR Developments
76,Small PDR Developments
73.71428571,Small PDR Developments
79,Small PDR Developments
61,Small PDR Developments
46,Small PDR Developments
74,Small PDR Developments
70,Small PDR Developments
36,Small PDR Developments
74.58333333,Small PDR Developments
113,Small PDR Developments
48,Small PDR Developments
68.5,Small PDR Developments
131.5,Small PDR Developments
50.66666667,Small PDR Developments
42.66666667,Small PDR Developments
40.5,Small PDR Developments
53,Small PDR Developments
54,Small PDR Developments
80,Small PDR Developments
52,Small PDR Developments
39,Small PDR Developments
47,Small PDR Developments
45,Small PDR Developments
48,Small PDR Developments
51.86666667,Small PDR Developments
53.5,Small PDR Developments
57.66666667,Small PDR Developments
51,Small PDR Developments
55.66666667,Small PDR Developments
54.06060606,Small PDR Developments
42,Small PDR Developments
41,Small PDR Developments
97.36363636,Small PDR Developments
49,Small PDR Developments
47,Small PDR Developments
114,Small PDR Developments
41,Small PDR Developments
79,Small PDR Developments
38,Small PDR Developments
44.2,Small PDR Developments
34,Small PDR Developments
175,Small PDR Developments
36,Small PDR Developments
66,Small PDR Developments
50.82352941,Small PDR Developments
30.5,Small PDR Developments
35.7,Small PDR Developments
71.71428571,Small PDR Developments
61,Small PDR Developments
56,Small PDR Developments
47.5,Small PDR Developments
54,Small PDR Developments
79,Small PDR Developments
80,Small PDR Developments
59.14285714,Small PDR Developments
40,Small PDR Developments
66,Small PDR Developments
45,Small PDR Developments
46,Small PDR Developments
55,Small PDR Developments
32,Small PDR Developments
90,Small PDR Developments
65,Small PDR Developments
70,Small PDR Developments
33.5,Small PDR Developments
53,Small PDR Developments
54,Small PDR Developments
30,Small PDR Developments
64,Small PDR Developments
62.66666667,Small PDR Developments
20.33333333,Small PDR Developments
75,Small PDR Developments
42,Small PDR Developments
38,Small PDR Developments
42,Small PDR Developments
79.1,Small PDR Developments
33,Small PDR Developments
48,Small PDR Developments
48,Small PDR Developments
58,Small PDR Developments
40.66666667,Small PDR Developments
44,Small PDR Developments
67.5,Small PDR Developments
62.66666667,Small PDR Developments
75,Small PDR Developments
23.4,Small PDR Developments
41,Small PDR Developments
41.25,Small PDR Developments
61.16129032,Small PDR Developments
149,Small PDR Developments
89,Small PDR Developments
36,Small PDR Developments
113,Small PDR Developments
49.33333333,Small PDR Developments
42.33333333,Small PDR Developments
92,Small PDR Developments
13.5,Small PDR Developments
63,Small PDR Developments
51.16666667,Small PDR Developments
57,Small PDR Developments
33.5,Small PDR Developments
53,Small PDR Developments
82,Small PDR Developments
51,Small PDR Developments
37,Small PDR Developments
34,Small PDR Developments
50,Small PDR Developments
53,Small PDR Developments
35.875,Small PDR Developments
132,Small PDR Developments
67.25,Small PDR Developments
43,Small PDR Developments
30.07692308,Small PDR Developments
52,Small PDR Developments
49,Small PDR Developments
56.33333333,Small PDR Developments
23,Small PDR Developments
54.5,Small PDR Developments
74,Small PDR Developments
66.375,Small PDR Developments
49,Small PDR Developments
78,Small PDR Developments
59.25,Small PDR Developments
73,Small PDR Developments
43,Small PDR Developments
56.5,Small PDR Developments
136,Small PDR Developments
61,Small PDR Developments
32.38181818,Small PDR Developments
67,Small PDR Developments
24,Small PDR Developments
28,Small PDR Developments
48.25,Small PDR Developments
43,Small PDR Developments
36,Small PDR Developments
38,Small PDR Developments
40.33333333,Small PDR Developments
43.5,Small PDR Developments
27,Small PDR Developments
41.33333333,Small PDR Developments
55,Small PDR Developments
25.85714286,Small PDR Developments
31,Small PDR Developments
59,Small PDR Developments
89,Small PDR Developments
71,Small PDR Developments
60,Small PDR Developments
75,Small PDR Developments
43.16666667,Small PDR Developments
75,Small PDR Developments
54.5,Small PDR Developments
110,Small PDR Developments
65.33333333,Small PDR Developments
76,Small PDR Developments
50.72727273,Small PDR Developments
57,Small PDR Developments
84.92857143,Small PDR Developments
56.33333333,Small PDR Developments
119,Small PDR Developments
78,Small PDR Developments
47.8,Small PDR Developments
61.11111111,Small PDR Developments
51.5,Small PDR Developments
132.899999,Small PDR Developments
52.4,Small PDR Developments
93,Small PDR Developments
213,Small PDR Developments
60.66666667,Small PDR Developments
65.5,Small PDR Developments
144.4,Small PDR Developments
71.75,Small PDR Developments
74,Small PDR Developments
67,Small PDR Developments
49.5,Small PDR Developments
55,Small PDR Developments
67,Small PDR Developments
42,Small PDR Developments
98.55555556,Small PDR Developments
71,Small PDR Developments
81,Small PDR Developments
59.33333333,Small PDR Developments
89,Small PDR Developments
88.5,Small PDR Developments
27,Small PDR Developments
273,Small PDR Developments
57,Small PDR Developments
78,Small PDR Developments
56.14285714,Small PDR Developments
78,Small PDR Developments
278.3333333,Small PDR Developments
69.66666667,Small PDR Developments
50.75,Small PDR Developments
66,Small PDR Developments
47.5,Small PDR Developments
35,Small PDR Developments
35,Small PDR Developments
40,Small PDR Developments
64,Small PDR Developments
46.57142857,Small PDR Developments
46,Small PDR Developments
46,Small PDR Developments
70.5,Small PDR Developments
46,Small PDR Developments
66,Small PDR Developments
69,Small PDR Developments
59,Small PDR Developments
69,Small PDR Developments
80.66666667,Small PDR Developments
104,Small PDR Developments
46,Small PDR Developments
53.75,Small PDR Developments
155,Small PDR Developments
48.22222222,Small PDR Developments
52.5,Small PDR Developments
49,Small PDR Developments
51.66666667,Small PDR Developments
50,Small PDR Developments
39,Small PDR Developments
80,Small PDR Developments
55,Small PDR Developments
36,Small PDR Developments
72.92307692,Small PDR Developments
43,Small PDR Developments
91,Small PDR Developments
57,Small PDR Developments
106.6666667,Small PDR Developments
85.5,Small PDR Developments
293,Small PDR Developments
56,Small PDR Developments
52.33333333,Small PDR Developments
62.8,Small PDR Developments
45.2,Small PDR Developments
61.5,Small PDR Developments
402,Small PDR Developments
42.4,Small PDR Developments
60.8,Small PDR Developments
95,Small PDR Developments
46.5,Small PDR Developments
84,Small PDR Developments
85.6,Small PDR Developments
45.83333333,Small PDR Developments
82.75,Small PDR Developments
34.6,Small PDR Developments
51,Small PDR Developments
188,Small PDR Developments
51,Small PDR Developments
107,Small PDR Developments
37.5,Small PDR Developments
64,Small PDR Developments
19.53846154,Small PDR Developments
44.13043478,Small PDR Developments
64.2,Small PDR Developments
46,Small PDR Developments
78,Small PDR Developments
67.5,Small PDR Developments
41,Small PDR Developments
97,Small PDR Developments
89,Small PDR Developments
61.8,Small PDR Developments
55.5,Small PDR Developments
84.5,Small PDR Developments
35,Small PDR Developments
70,Small PDR Developments
45.33333333,Small PDR Developments
83,Small PDR Developments
51,Small PDR Developments
48,Small PDR Developments
26,Small PDR Developments
54,Small PDR Developments
87,Small PDR Developments
67,Small PDR Developments
132,Small PDR Developments
40,Small PDR Developments
47,Small PDR Developments
67,Small PDR Developments
76.5,Small PDR Developments
37,Small PDR Developments
96.5,Small PDR Developments
82,Small PDR Developments
84,Small PDR Developments
35.5,Small PDR Developments
66.4,Small PDR Developments
45.5,Small PDR Developments
70.83333333,Small PDR Developments
57,Small PDR Developments
61,Small PDR Developments
69,Small PDR Developments
81,Small PDR Developments
25.71428571,Small PDR Developments
98,Small PDR Developments
55,Small PDR Developments
58.5,Small PDR Developments
45,Small PDR Developments
30,Small PDR Developments
64,Small PDR Developments
42,Small PDR Developments
46,Small PDR Developments
20.55555556,Small PDR Developments
21,Small PDR Developments
117,Small PDR Developments
87.77777778,Small PDR Developments
19.11111111,Small PDR Developments
34,Small PDR Developments
42,Small PDR Developments
64.27272727,Small PDR Developments
66.42857143,Small PDR Developments
41.66666667,Small PDR Developments
33,Small PDR Developments
74,Small PDR Developments
40.33333333,Small PDR Developments
35.5,Small PDR Developments
76.5,Small PDR Developments
51.5,Small PDR Developments
26.5,Small PDR Developments
77.33333333,Small PDR Developments
38.33333333,Small PDR Developments
74,Small PDR Developments
49.4,Small PDR Developments
55.85714286,Small PDR Developments
80,Small PDR Developments
48,Small PDR Developments
34,Small PDR Developments
99,Small PDR Developments
55,Small PDR Developments
50,Small PDR Developments
55,Small PDR Developments
39,Small PDR Developments
67,Small PDR Developments
31.4,Small PDR Developments
42,Small PDR Developments
72,Small PDR Developments
49.11111111,Small PDR Developments
39.5,Small PDR Developments
38,Small PDR Developments
41.5,Small PDR Developments
47,Small PDR Developments
62,Small PDR Developments
41,Small PDR Developments
46.66666667,Small PDR Developments
73,Small PDR Developments
60,Small PDR Developments
63,Small PDR Developments
43,Small PDR Developments
50,Small PDR Developments
64,Small PDR Developments
63.375,Small PDR Developments
54,Small PDR Developments
60.5,Small PDR Developments
68.5,Small PDR Developments
70.72727273,Small PDR Developments
41,Small PDR Developments
58.3,Small PDR Developments
58,Small PDR Developments
52,Small PDR Developments
54,Small PDR Developments
54.8,Small PDR Developments
44.5,Small PDR Developments
41.4,Small PDR Developments
54.18181818,Small PDR Developments
32.6,Small PDR Developments
36.57142857,Small PDR Developments
50,Small PDR Developments
63,Small PDR Developments
39.75,Small PDR Developments
60,Small PDR Developments
65.5,Small PDR Developments
50,Small PDR Developments
80.42857143,Small PDR Developments
24,Small PDR Developments
40.36363636,Small PDR Developments
51.25,Small PDR Developments
29.25,Small PDR Developments
39,Small PDR Developments
53.14285714,Small PDR Developments
47.87937498,Small PDR Developments
49,Small PDR Developments
57,Small PDR Developments
44.28571429,Small PDR Developments
62,Small PDR Developments
31.75,Small PDR Developments
28,Small PDR Developments
61.75,Small PDR Developments
48.5,Small PDR Developments
58.5,Small PDR Developments
38.75,Small PDR Developments
49.9,Small PDR Developments
45,Small PDR Developments
43.33333333,Small PDR Developments
66.71428571,Small PDR Developments
62.125,Small PDR Developments
21.43333333,Small PDR Developments
74.5,Small PDR Developments
44.4,Small PDR Developments
52.42857143,Small PDR Developments
48,Small PDR Developments
20.16666667,Small PDR Developments
63.5,Small PDR Developments
50.5,Small PDR Developments
18.5,Small PDR Developments
63.5,Small PDR Developments
24.5,Small PDR Developments
43.75,Small PDR Developments
41,Small PDR Developments
55.33333333,Small PDR Developments
48.5,Small PDR Developments
192,Small PDR Developments
114,Small PDR Developments
46.2,Small PDR Developments
20,Small PDR Developments
42,Small PDR Developments
36.33333333,Small PDR Developments
109.5,Small PDR Developments
54,Small PDR Developments
35,Small PDR Developments
46,Small PDR Developments
91.66666667,Small PDR Developments
54,Small PDR Developments
73,Small PDR Developments
66,Small PDR Developments
31.16666667,Small PDR Developments
45.33333333,Small PDR Developments
62.22222222,Small PDR Developments
160,Small PDR Developments
91.29545455,Small PDR Developments
49.66666667,Small PDR Developments
58.16666667,Small PDR Developments
50.66666667,Small PDR Developments
34,Small PDR Developments
76.76470588,Small PDR Developments
39,Small PDR Developments
56.75,Small PDR Developments
89,Small PDR Developments
40,Small PDR Developments
82.9,Small PDR Developments
40.73684211,Small PDR Developments
57.33333333,Small PDR Developments
33,Small PDR Developments
81,Small PDR Developments
172,Small PDR Developments
13.83333333,Small PDR Developments
90,Small PDR Developments
31.5,Small PDR Developments
68,Small PDR Developments
75.5,Small PDR Developments
68,Small PDR Developments
30.75,Small PDR Developments
40.5,Small PDR Developments
16.66666667,Small PDR Developments
35.5,Small PDR Developments
24,Small PDR Developments
47,Small PDR Developments
469,Small PDR Developments
38.14285714,Small PDR Developments
22.2,Small PDR Developments
75,Small PDR Developments
78.23809524,Small PDR Developments
70,Small PDR Developments
50.5,Small PDR Developments
52.91666667,Small PDR Developments
30.28571429,Small PDR Developments
79.28571429,Small PDR Developments
66,Small PDR Developments
86,Small PDR Developments
51.33333333,Small PDR Developments
53.21428571,Small PDR Developments
19.5,Small PDR Developments
58.66666667,Small PDR Developments
58.25,Small PDR Developments
39.5,Small PDR Developments
27.25,Small PDR Developments
38,Small PDR Developments
64.28571429,Small PDR Developments
28,Small PDR Developments
44.5,Small PDR Developments
24,Small PDR Developments
56.41176471,Small PDR Developments
44,Small PDR Developments
32,Small PDR Developments
134.6666667,Small PDR Developments
38.5,Small PDR Developments
43,Small PDR Developments
62,Small PDR Developments
21.66666667,Small PDR Developments
72,Small PDR Developments
67,Small PDR Developments
58,Small PDR Developments
45.04761905,Small PDR Developments
68,Small PDR Developments
45,Small PDR Developments
47.5,Small PDR Developments
42,Small PDR Developments
66,Small PDR Developments
58.66666667,Small PDR Developments
39,Small PDR Developments
90,Small PDR Developments
83,Small PDR Developments
67.45454545,Small PDR Developments
193,Small PDR Developments
39,Small PDR Developments
48.71428571,Small PDR Developments
81,Small PDR Developments
60.66666667,Small PDR Developments
112,Small PDR Developments
115.6,Small PDR Developments
60,Small PDR Developments
106.5555556,Small PDR Developments
80,Small PDR Developments
65.66666667,Small PDR Developments
43,Small PDR Developments
62,Small PDR Developments
86.33333333,Small PDR Developments
80.28571429,Small PDR Developments
48.5,Small PDR Developments
74.5,Small PDR Developments
101,Small PDR Developments
54.66666667,Small PDR Developments
249,Small PDR Developments
66,Small PDR Developments
59,Small PDR Developments
93.66666667,Small PDR Developments
104,Small PDR Developments
89.5,Small PDR Developments
86,Small PDR Developments
83,Small PDR Developments
127.1666667,Small PDR Developments
44,Small PDR Developments
76.66666667,Small PDR Developments
61,Small PDR Developments
57.41666667,Small PDR Developments
45.375,Small PDR Developments
56,Small PDR Developments
32,Small PDR Developments
38.33333333,Small PDR Developments
41.66666667,Small PDR Developments
56,Small PDR Developments
27.25,Small PDR Developments
39,Small PDR Developments
69.80000305,Small PDR Developments
74,Small PDR Developments
34,Small PDR Developments
133,Small PDR Developments
75.54545455,Small PDR Developments
86.75,Small PDR Developments
106.3333333,Small PDR Developments
60.66666667,Small PDR Developments
72,Small PDR Developments
41,Small PDR Developments
44,Small PDR Developments
71,Small PDR Developments
72,Small PDR Developments
74,Small PDR Developments
52.71428571,Small PDR Developments
63.1,Small PDR Developments
76.4,Small PDR Developments
117,Small PDR Developments
31.25,Small PDR Developments
71.5,Small PDR Developments
81,Small PDR Developments
90.67647059,Small PDR Developments
53.5,Small PDR Developments
64,Small PDR Developments
61.75,Small PDR Developments Excluding 1 and 2 Unit Developments
37,Small PDR Developments Excluding 1 and 2 Unit Developments
66.7,Small PDR Developments Excluding 1 and 2 Unit Developments
41.08571429,Small PDR Developments Excluding 1 and 2 Unit Developments
76.85714286,Small PDR Developments Excluding 1 and 2 Unit Developments
55,Small PDR Developments Excluding 1 and 2 Unit Developments
71.83333333,Small PDR Developments Excluding 1 and 2 Unit Developments
36.625,Small PDR Developments Excluding 1 and 2 Unit Developments
20.8,Small PDR Developments Excluding 1 and 2 Unit Developments
78.8,Small PDR Developments Excluding 1 and 2 Unit Developments
55.23076923,Small PDR Developments Excluding 1 and 2 Unit Developments
22.5,Small PDR Developments Excluding 1 and 2 Unit Developments
32,Small PDR Developments Excluding 1 and 2 Unit Developments
66.6,Small PDR Developments Excluding 1 and 2 Unit Developments
43.66666667,Small PDR Developments Excluding 1 and 2 Unit Developments
74.96551724,Small PDR Developments Excluding 1 and 2 Unit Developments
24.2,Small PDR Developments Excluding 1 and 2 Unit Developments
95.5,Small PDR Developments Excluding 1 and 2 Unit Developments
88.93333333,Small PDR Developments Excluding 1 and 2 Unit Developments
48.5,Small PDR Developments Excluding 1 and 2 Unit Developments
65.28571429,Small PDR Developments Excluding 1 and 2 Unit Developments
78.7,Small PDR Developments Excluding 1 and 2 Unit Developments
50.8,Small PDR Developments Excluding 1 and 2 Unit Developments
53,Small PDR Developments Excluding 1 and 2 Unit Developments
67,Small PDR Developments Excluding 1 and 2 Unit Developments
71.42857143,Small PDR Developments Excluding 1 and 2 Unit Developments
74.66666667,Small PDR Developments Excluding 1 and 2 Unit Developments
95,Small PDR Developments Excluding 1 and 2 Unit Developments
55.28571429,Small PDR Developments Excluding 1 and 2 Unit Developments
32,Small PDR Developments Excluding 1 and 2 Unit Developments
73.5,Small PDR Developments Excluding 1 and 2 Unit Developments
52.5,Small PDR Developments Excluding 1 and 2 Unit Developments
59.83333333,Small PDR Developments Excluding 1 and 2 Unit Developments
77.5,Small PDR Developments Excluding 1 and 2 Unit Developments
121.3333333,Small PDR Developments Excluding 1 and 2 Unit Developments
87,Small PDR Developments Excluding 1 and 2 Unit Developments
87.77777778,Small PDR Developments Excluding 1 and 2 Unit Developments
82.25,Small PDR Developments Excluding 1 and 2 Unit Developments
46,Small PDR Developments Excluding 1 and 2 Unit Developments
64.11111111,Small PDR Developments Excluding 1 and 2 Unit Developments
59.66666667,Small PDR Developments Excluding 1 and 2 Unit Developments
128.75,Small PDR Developments Excluding 1 and 2 Unit Developments
71.26315789,Small PDR Developments Excluding 1 and 2 Unit Developments
110.5,Small PDR Developments Excluding 1 and 2 Unit Developments
55.89473684,Small PDR Developments Excluding 1 and 2 Unit Developments
65,Small PDR Developments Excluding 1 and 2 Unit Developments
45,Small PDR Developments Excluding 1 and 2 Unit Developments
111.5,Small PDR Developments Excluding 1 and 2 Unit Developments
41.76923077,Small PDR Developments Excluding 1 and 2 Unit Developments
70,Small PDR Developments Excluding 1 and 2 Unit Developments
61.05882353,Small PDR Developments Excluding 1 and 2 Unit Developments
24.5,Small PDR Developments Excluding 1 and 2 Unit Developments
87.11111111,Small PDR Developments Excluding 1 and 2 Unit Developments
36.25,Small PDR Developments Excluding 1 and 2 Unit Developments
57.77777778,Small PDR Developments Excluding 1 and 2 Unit Developments
69.25,Small PDR Developments Excluding 1 and 2 Unit Developments
61.43478261,Small PDR Developments Excluding 1 and 2 Unit Developments
52.5,Small PDR Developments Excluding 1 and 2 Unit Developments
54.3,Small PDR Developments Excluding 1 and 2 Unit Developments
47,Small PDR Developments Excluding 1 and 2 Unit Developments
78.25,Small PDR Developments Excluding 1 and 2 Unit Developments
77.57575758,Small PDR Developments Excluding 1 and 2 Unit Developments
90.66666667,Small PDR Developments Excluding 1 and 2 Unit Developments
52,Small PDR Developments Excluding 1 and 2 Unit Developments
81,Small PDR Developments Excluding 1 and 2 Unit Developments
60.625,Small PDR Developments Excluding 1 and 2 Unit Developments
59.82352941,Small PDR Developments Excluding 1 and 2 Unit Developments
72.91666667,Small PDR Developments Excluding 1 and 2 Unit Developments
77.45454545,Small PDR Developments Excluding 1 and 2 Unit Developments
67.5,Small PDR Developments Excluding 1 and 2 Unit Developments
68,Small PDR Developments Excluding 1 and 2 Unit Developments
75.75,Small PDR Developments Excluding 1 and 2 Unit Developments
58.4,Small PDR Developments Excluding 1 and 2 Unit Developments
58,Small PDR Developments Excluding 1 and 2 Unit Developments
75,Small PDR Developments Excluding 1 and 2 Unit Developments
62,Small PDR Developments Excluding 1 and 2 Unit Developments
43.33333333,Small PDR Developments Excluding 1 and 2 Unit Developments
83.27272727,Small PDR Developments Excluding 1 and 2 Unit Developments
48.14285714,Small PDR Developments Excluding 1 and 2 Unit Developments
47.71428571,Small PDR Developments Excluding 1 and 2 Unit Developments
48.14285714,Small PDR Developments Excluding 1 and 2 Unit Developments
65,Small PDR Developments Excluding 1 and 2 Unit Developments
74.38461538,Small PDR Developments Excluding 1 and 2 Unit Developments
60.71428571,Small PDR Developments Excluding 1 and 2 Unit Developments
67,Small PDR Developments Excluding 1 and 2 Unit Developments
118,Small PDR Developments Excluding 1 and 2 Unit Developments
64.15384615,Small PDR Developments Excluding 1 and 2 Unit Developments
51.8,Small PDR Developments Excluding 1 and 2 Unit Developments
35.4,Small PDR Developments Excluding 1 and 2 Unit Developments
71.66666667,Small PDR Developments Excluding 1 and 2 Unit Developments
66.25,Small PDR Developments Excluding 1 and 2 Unit Developments
33.5,Small PDR Developments Excluding 1 and 2 Unit Developments
53.5,Small PDR Developments Excluding 1 and 2 Unit Developments
71,Small PDR Developments Excluding 1 and 2 Unit Developments
44.66666667,Small PDR Developments Excluding 1 and 2 Unit Developments
108.6666667,Small PDR Developments Excluding 1 and 2 Unit Developments
48.66666667,Small PDR Developments Excluding 1 and 2 Unit Developments
73.53846154,Small PDR Developments Excluding 1 and 2 Unit Developments
59.76923077,Small PDR Developments Excluding 1 and 2 Unit Developments
54.14285714,Small PDR Developments Excluding 1 and 2 Unit Developments
103.7142857,Small PDR Developments Excluding 1 and 2 Unit Developments
103.3333333,Small PDR Developments Excluding 1 and 2 Unit Developments
56,Small PDR Developments Excluding 1 and 2 Unit Developments
77.61538462,Small PDR Developments Excluding 1 and 2 Unit Developments
35.6,Small PDR Developments Excluding 1 and 2 Unit Developments
38.75,Small PDR Developments Excluding 1 and 2 Unit Developments
45.66666667,Small PDR Developments Excluding 1 and 2 Unit Developments
39.875,Small PDR Developments Excluding 1 and 2 Unit Developments
50.16666667,Small PDR Developments Excluding 1 and 2 Unit Developments
54.42857143,Small PDR Developments Excluding 1 and 2 Unit Developments
76.59090909,Small PDR Developments Excluding 1 and 2 Unit Developments
64.33333333,Small PDR Developments Excluding 1 and 2 Unit Developments
31.5,Small PDR Developments Excluding 1 and 2 Unit Developments
55,Small PDR Developments Excluding 1 and 2 Unit Developments
106,Small PDR Developments Excluding 1 and 2 Unit Developments
48.33333333,Small PDR Developments Excluding 1 and 2 Unit Developments
50.875,Small PDR Developments Excluding 1 and 2 Unit Developments
54.6,Small PDR Developments Excluding 1 and 2 Unit Developments
73.25,Small PDR Developments Excluding 1 and 2 Unit Developments
20,Small PDR Developments Excluding 1 and 2 Unit Developments
70.8,Small PDR Developments Excluding 1 and 2 Unit Developments
59,Small PDR Developments Excluding 1 and 2 Unit Developments
96.25,Small PDR Developments Excluding 1 and 2 Unit Developments
50.2,Small PDR Developments Excluding 1 and 2 Unit Developments
78,Small PDR Developments Excluding 1 and 2 Unit Developments
28.8,Small PDR Developments Excluding 1 and 2 Unit Developments
51.08333333,Small PDR Developments Excluding 1 and 2 Unit Developments
45,Small PDR Developments Excluding 1 and 2 Unit Developments
55.16666667,Small PDR Developments Excluding 1 and 2 Unit Developments
86.89285714,Small PDR Developments Excluding 1 and 2 Unit Developments
71,Small PDR Developments Excluding 1 and 2 Unit Developments
90,Small PDR Developments Excluding 1 and 2 Unit Developments
44.33333333,Small PDR Developments Excluding 1 and 2 Unit Developments
49.6,Small PDR Developments Excluding 1 and 2 Unit Developments
67,Small PDR Developments Excluding 1 and 2 Unit Developments
31.07142857,Small PDR Developments Excluding 1 and 2 Unit Developments
65,Small PDR Developments Excluding 1 and 2 Unit Developments
34.6,Small PDR Developments Excluding 1 and 2 Unit Developments
123.25,Small PDR Developments Excluding 1 and 2 Unit Developments
49,Small PDR Developments Excluding 1 and 2 Unit Developments
64.42857143,Small PDR Developments Excluding 1 and 2 Unit Developments
20.33333333,Small PDR Developments Excluding 1 and 2 Unit Developments
48,Small PDR Developments Excluding 1 and 2 Unit Developments
49.11111111,Small PDR Developments Excluding 1 and 2 Unit Developments
68.25,Small PDR Developments Excluding 1 and 2 Unit Developments
68.77777778,Small PDR Developments Excluding 1 and 2 Unit Developments
30.44444444,Small PDR Developments Excluding 1 and 2 Unit Developments
55.5,Small PDR Developments Excluding 1 and 2 Unit Developments
97,Small PDR Developments Excluding 1 and 2 Unit Developments
46.92307692,Small PDR Developments Excluding 1 and 2 Unit Developments
39.875,Small PDR Developments Excluding 1 and 2 Unit Developments
42,Small PDR Developments Excluding 1 and 2 Unit Developments
56.38461538,Small PDR Developments Excluding 1 and 2 Unit Developments
73.71428571,Small PDR Developments Excluding 1 and 2 Unit Developments
74.58333333,Small PDR Developments Excluding 1 and 2 Unit Developments
50.66666667,Small PDR Developments Excluding 1 and 2 Unit Developments
53.5,Small PDR Developments Excluding 1 and 2 Unit Developments
55.66666667,Small PDR Developments Excluding 1 and 2 Unit Developments
54.06060606,Small PDR Developments Excluding 1 and 2 Unit Developments
42,Small PDR Developments Excluding 1 and 2 Unit Developments
97.36363636,Small PDR Developments Excluding 1 and 2 Unit Developments
49,Small PDR Developments Excluding 1 and 2 Unit Developments
44.2,Small PDR Developments Excluding 1 and 2 Unit Developments
50.82352941,Small PDR Developments Excluding 1 and 2 Unit Developments
35.7,Small PDR Developments Excluding 1 and 2 Unit Developments
80,Small PDR Developments Excluding 1 and 2 Unit Developments
59.14285714,Small PDR Developments Excluding 1 and 2 Unit Developments
32,Small PDR Developments Excluding 1 and 2 Unit Developments
90,Small PDR Developments Excluding 1 and 2 Unit Developments
65,Small PDR Developments Excluding 1 and 2 Unit Developments
20.33333333,Small PDR Developments Excluding 1 and 2 Unit Developments
33,Small PDR Developments Excluding 1 and 2 Unit Developments
48,Small PDR Developments Excluding 1 and 2 Unit Developments
48,Small PDR Developments Excluding 1 and 2 Unit Developments
58,Small PDR Developments Excluding 1 and 2 Unit Developments
62.66666667,Small PDR Developments Excluding 1 and 2 Unit Developments
75,Small PDR Developments Excluding 1 and 2 Unit Developments
23.4,Small PDR Developments Excluding 1 and 2 Unit Developments
41,Small PDR Developments Excluding 1 and 2 Unit Developments
41.25,Small PDR Developments Excluding 1 and 2 Unit Developments
61.16129032,Small PDR Developments Excluding 1 and 2 Unit Developments
89,Small PDR Developments Excluding 1 and 2 Unit Developments
42.33333333,Small PDR Developments Excluding 1 and 2 Unit Developments
13.5,Small PDR Developments Excluding 1 and 2 Unit Developments
51.16666667,Small PDR Developments Excluding 1 and 2 Unit Developments
34,Small PDR Developments Excluding 1 and 2 Unit Developments
53,Small PDR Developments Excluding 1 and 2 Unit Developments
35.875,Small PDR Developments Excluding 1 and 2 Unit Developments
43,Small PDR Developments Excluding 1 and 2 Unit Developments
30.07692308,Small PDR Developments Excluding 1 and 2 Unit Developments
28,Small PDR Developments Excluding 1 and 2 Unit Developments
36,Small PDR Developments Excluding 1 and 2 Unit Developments
40.33333333,Small PDR Developments Excluding 1 and 2 Unit Developments
25.85714286,Small PDR Developments Excluding 1 and 2 Unit Developments
60,Small PDR Developments Excluding 1 and 2 Unit Developments
43.16666667,Small PDR Developments Excluding 1 and 2 Unit Developments
75,Small PDR Developments Excluding 1 and 2 Unit Developments
54.5,Small PDR Developments Excluding 1 and 2 Unit Developments
61.11111111,Small PDR Developments Excluding 1 and 2 Unit Developments
98.55555556,Small PDR Developments Excluding 1 and 2 Unit Developments
59.33333333,Small PDR Developments Excluding 1 and 2 Unit Developments
89,Small PDR Developments Excluding 1 and 2 Unit Developments
88.5,Small PDR Developments Excluding 1 and 2 Unit Developments
64,Small PDR Developments Excluding 1 and 2 Unit Developments
46.57142857,Small PDR Developments Excluding 1 and 2 Unit Developments
39,Small PDR Developments Excluding 1 and 2 Unit Developments
72.92307692,Small PDR Developments Excluding 1 and 2 Unit Developments
106.6666667,Small PDR Developments Excluding 1 and 2 Unit Developments
85.5,Small PDR Developments Excluding 1 and 2 Unit Developments
62.8,Small PDR Developments Excluding 1 and 2 Unit Developments
45.2,Small PDR Developments Excluding 1 and 2 Unit Developments
42.4,Small PDR Developments Excluding 1 and 2 Unit Developments
60.8,Small PDR Developments Excluding 1 and 2 Unit Developments
95,Small PDR Developments Excluding 1 and 2 Unit Developments
45.83333333,Small PDR Developments Excluding 1 and 2 Unit Developments
34.6,Small PDR Developments Excluding 1 and 2 Unit Developments
107,Small PDR Developments Excluding 1 and 2 Unit Developments
19.53846154,Small PDR Developments Excluding 1 and 2 Unit Developments
44.13043478,Small PDR Developments Excluding 1 and 2 Unit Developments
67.5,Small PDR Developments Excluding 1 and 2 Unit Developments
61.8,Small PDR Developments Excluding 1 and 2 Unit Developments
96.5,Small PDR Developments Excluding 1 and 2 Unit Developments
70.83333333,Small PDR Developments Excluding 1 and 2 Unit Developments
61,Small PDR Developments Excluding 1 and 2 Unit Developments
69,Small PDR Developments Excluding 1 and 2 Unit Developments
25.71428571,Small PDR Developments Excluding 1 and 2 Unit Developments
20.55555556,Small PDR Developments Excluding 1 and 2 Unit Developments
87.77777778,Small PDR Developments Excluding 1 and 2 Unit Developments
19.11111111,Small PDR Developments Excluding 1 and 2 Unit Developments
64.27272727,Small PDR Developments Excluding 1 and 2 Unit Developments
66.42857143,Small PDR Developments Excluding 1 and 2 Unit Developments
41.66666667,Small PDR Developments Excluding 1 and 2 Unit Developments
74,Small PDR Developments Excluding 1 and 2 Unit Developments
35.5,Small PDR Developments Excluding 1 and 2 Unit Developments
76.5,Small PDR Developments Excluding 1 and 2 Unit Developments
77.33333333,Small PDR Developments Excluding 1 and 2 Unit Developments
55.85714286,Small PDR Developments Excluding 1 and 2 Unit Developments
34,Small PDR Developments Excluding 1 and 2 Unit Developments
31.4,Small PDR Developments Excluding 1 and 2 Unit Developments
47,Small PDR Developments Excluding 1 and 2 Unit Developments
41,Small PDR Developments Excluding 1 and 2 Unit Developments
50,Small PDR Developments Excluding 1 and 2 Unit Developments
64,Small PDR Developments Excluding 1 and 2 Unit Developments
68.5,Small PDR Developments Excluding 1 and 2 Unit Developments
58.3,Small PDR Developments Excluding 1 and 2 Unit Developments
58,Small PDR Developments Excluding 1 and 2 Unit Developments
54,Small PDR Developments Excluding 1 and 2 Unit Developments
54.8,Small PDR Developments Excluding 1 and 2 Unit Developments
44.5,Small PDR Developments Excluding 1 and 2 Unit Developments
54.18181818,Small PDR Developments Excluding 1 and 2 Unit Developments
32.6,Small PDR Developments Excluding 1 and 2 Unit Developments
36.57142857,Small PDR Developments Excluding 1 and 2 Unit Developments
39.75,Small PDR Developments Excluding 1 and 2 Unit Developments
80.42857143,Small PDR Developments Excluding 1 and 2 Unit Developments
51.25,Small PDR Developments Excluding 1 and 2 Unit Developments
29.25,Small PDR Developments Excluding 1 and 2 Unit Developments
47.87937498,Small PDR Developments Excluding 1 and 2 Unit Developments
31.75,Small PDR Developments Excluding 1 and 2 Unit Developments
44.4,Small PDR Developments Excluding 1 and 2 Unit Developments
52.42857143,Small PDR Developments Excluding 1 and 2 Unit Developments
20.16666667,Small PDR Developments Excluding 1 and 2 Unit Developments
18.5,Small PDR Developments Excluding 1 and 2 Unit Developments
24.5,Small PDR Developments Excluding 1 and 2 Unit Developments
55.33333333,Small PDR Developments Excluding 1 and 2 Unit Developments
42,Small PDR Developments Excluding 1 and 2 Unit Developments
54,Small PDR Developments Excluding 1 and 2 Unit Developments
35,Small PDR Developments Excluding 1 and 2 Unit Developments
91.66666667,Small PDR Developments Excluding 1 and 2 Unit Developments
73,Small PDR Developments Excluding 1 and 2 Unit Developments
31.16666667,Small PDR Developments Excluding 1 and 2 Unit Developments
45.33333333,Small PDR Developments Excluding 1 and 2 Unit Developments
62.22222222,Small PDR Developments Excluding 1 and 2 Unit Developments
91.29545455,Small PDR Developments Excluding 1 and 2 Unit Developments
49.66666667,Small PDR Developments Excluding 1 and 2 Unit Developments
58.16666667,Small PDR Developments Excluding 1 and 2 Unit Developments
50.66666667,Small PDR Developments Excluding 1 and 2 Unit Developments
76.76470588,Small PDR Developments Excluding 1 and 2 Unit Developments
39,Small PDR Developments Excluding 1 and 2 Unit Developments
56.75,Small PDR Developments Excluding 1 and 2 Unit Developments
40.73684211,Small PDR Developments Excluding 1 and 2 Unit Developments
57.33333333,Small PDR Developments Excluding 1 and 2 Unit Developments
13.83333333,Small PDR Developments Excluding 1 and 2 Unit Developments
16.66666667,Small PDR Developments Excluding 1 and 2 Unit Developments
24,Small PDR Developments Excluding 1 and 2 Unit Developments
38.14285714,Small PDR Developments Excluding 1 and 2 Unit Developments
22.2,Small PDR Developments Excluding 1 and 2 Unit Developments
78.23809524,Small PDR Developments Excluding 1 and 2 Unit Developments
70,Small PDR Developments Excluding 1 and 2 Unit Developments
30.28571429,Small PDR Developments Excluding 1 and 2 Unit Developments
79.28571429,Small PDR Developments Excluding 1 and 2 Unit Developments
51.33333333,Small PDR Developments Excluding 1 and 2 Unit Developments
53.21428571,Small PDR Developments Excluding 1 and 2 Unit Developments
39.5,Small PDR Developments Excluding 1 and 2 Unit Developments
27.25,Small PDR Developments Excluding 1 and 2 Unit Developments
38,Small PDR Developments Excluding 1 and 2 Unit Developments
64.28571429,Small PDR Developments Excluding 1 and 2 Unit Developments
28,Small PDR Developments Excluding 1 and 2 Unit Developments
24,Small PDR Developments Excluding 1 and 2 Unit Developments
56.41176471,Small PDR Developments Excluding 1 and 2 Unit Developments
44,Small PDR Developments Excluding 1 and 2 Unit Developments
134.6666667,Small PDR Developments Excluding 1 and 2 Unit Developments
38.5,Small PDR Developments Excluding 1 and 2 Unit Developments
43,Small PDR Developments Excluding 1 and 2 Unit Developments
21.66666667,Small PDR Developments Excluding 1 and 2 Unit Developments
45.04761905,Small PDR Developments Excluding 1 and 2 Unit Developments
68,Small PDR Developments Excluding 1 and 2 Unit Developments
58.66666667,Small PDR Developments Excluding 1 and 2 Unit Developments
67.45454545,Small PDR Developments Excluding 1 and 2 Unit Developments
48.71428571,Small PDR Developments Excluding 1 and 2 Unit Developments
60.66666667,Small PDR Developments Excluding 1 and 2 Unit Developments
106.5555556,Small PDR Developments Excluding 1 and 2 Unit Developments
80,Small PDR Developments Excluding 1 and 2 Unit Developments
65.66666667,Small PDR Developments Excluding 1 and 2 Unit Developments
43,Small PDR Developments Excluding 1 and 2 Unit Developments
86.33333333,Small PDR Developments Excluding 1 and 2 Unit Developments
80.28571429,Small PDR Developments Excluding 1 and 2 Unit Developments
127.1666667,Small PDR Developments Excluding 1 and 2 Unit Developments
57.41666667,Small PDR Developments Excluding 1 and 2 Unit Developments
45.375,Small PDR Developments Excluding 1 and 2 Unit Developments
32,Small PDR Developments Excluding 1 and 2 Unit Developments
27.25,Small PDR Developments Excluding 1 and 2 Unit Developments
69.80000305,Small PDR Developments Excluding 1 and 2 Unit Developments
86.75,Small PDR Developments Excluding 1 and 2 Unit Developments
52.71428571,Small PDR Developments Excluding 1 and 2 Unit Developments
63.1,Small PDR Developments Excluding 1 and 2 Unit Developments
76.4,Small PDR Developments Excluding 1 and 2 Unit Developments
31.25,Small PDR Developments Excluding 1 and 2 Unit Developments
92.4,Large PDR Developments
59.6875,Large PDR Developments
77,Large PDR Developments
33.29411765,Large PDR Developments
29.88888889,Large PDR Developments
70.5,Large PDR Developments
29.66216216,Large PDR Developments
96.69822485,Large PDR Developments
58.80701754,Large PDR Developments
21.7244898,Large PDR Developments
36.1928934,Large PDR Developments
50.59259259,Large PDR Developments
47.42465753,Large PDR Developments
49.76811594,Large PDR Developments
48,Large PDR Developments
37.22689076,Large PDR Developments
47.72222222,Large PDR Developments
64.65079365,Large PDR Developments
41,Large PDR Developments
59.78787879,Large PDR Developments
51,Large PDR Developments
136.5,Large PDR Developments
40.23529412,Large PDR Developments
39,Large PDR Developments
27.49206349,Large PDR Developments
55.28571429,Large PDR Developments
63,Large PDR Developments
59.5,Large PDR Developments
37,Large PDR Developments
32.66666667,Large PDR Developments
46.67079208,Large PDR Developments
60.58461538,Large PDR Developments
68.93181818,Large PDR Developments
45.17391304,Large PDR Developments
57.27272727,Large PDR Developments
85.8,Large PDR Developments
50.94791667,Large PDR Developments
53.54,Large PDR Developments
37.88,Large PDR Developments
108.8461538,Large PDR Developments
40.44444444,Large PDR Developments
57.79781421,Large PDR Developments
87.5,Large PDR Developments
44.73170732,Large PDR Developments
32.91414141,Large PDR Developments
60.26923077,Large PDR Developments
76.72727273,Large PDR Developments
44.74,Large PDR Developments
50.125,Large PDR Developments
57,Large PDR Developments
53.21428571,Large PDR Developments
70.38888889,Large PDR Developments
45.15151515,Large PDR Developments
48.77631579,Large PDR Developments
26.05,Large PDR Developments
34.5,Large PDR Developments
53.47058824,Large PDR Developments
106,Large PDR Developments
55.6,Large PDR Developments
49,Large PDR Developments
40,Large PDR Developments
86,Large PDR Developments
26.66442953,Large PDR Developments
32.95041322,Large PDR Developments
36.26923077,Large PDR Developments
35.92385787,Large PDR Developments
62.26415094,Large PDR Developments
126.7142857,Large PDR Developments
34.33333333,Large PDR Developments
30.33333333,Large PDR Developments
47.7173913,Large PDR Developments
16.66666667,Large PDR Developments
48.76470588,Large PDR Developments
34.25,Large PDR Developments
33.94117647,Large PDR Developments
23.20253165,Large PDR Developments
34.63333333,Large PDR Developments
99.30769231,Large PDR Developments
46.2972973,Large PDR Developments
43.77272727,Large PDR Developments
46,Large PDR Developments
29.1627907,Large PDR Developments
32.91111111,Large PDR Developments
15.90909091,Large PDR Developments
57.23076923,Large PDR Developments
52.84313725,Large PDR Developments
43.61538462,Large PDR Developments
62.375,Large PDR Developments
61.95,Large PDR Developments
43.19230769,Large PDR Developments
55,Large PDR Developments
18.23076923,Large PDR Developments
41.83333333,Large PDR Developments
48.85714286,Large PDR Developments
39,Large PDR Developments
15.5,Large PDR Developments
42.16393443,Large PDR Developments
146.6666667,Large PDR Developments
77,Large PDR Developments
69.76470588,Large PDR Developments
50.87755102,Large PDR Developments
29.9,Large PDR Developments
60.02941176,Large PDR Developments
72,Large PDR Developments
51.65934066,Large PDR Developments
87,Large PDR Developments
50.54545455,Large PDR Developments
69.5,Large PDR Developments
39.2,Large PDR Developments
30.28571429,Large PDR Developments
41.17777778,Large PDR Developments
32.17241379,Large PDR Developments
50.85714286,Large PDR Developments
35.05319149,Large PDR Developments
30.22972973,Large PDR Developments
71.90909091,Large PDR Developments
71.76923077,Large PDR Developments
38.63380282,Large PDR Developments
76.8125,Large PDR Developments
41.89156627,Large PDR Developments
55,Large PDR Developments
72.68965517,Large PDR Developments
34.77906977,Large PDR Developments
44.9382716,Large PDR Developments
59.22222222,Large PDR Developments
66.27272727,Large PDR Developments
63.63636364,Large PDR Developments
59,Large PDR Developments
53.92857143,Large PDR Developments
45.90625,Large PDR Developments
38.08536585,Large PDR Developments
36.61538462,Large PDR Developments
43.08045977,Large PDR Developments
44.25,Large PDR Developments
42.67307692,Large PDR Developments
79.875,Large PDR Developments
19.63636364,Large PDR Developments
58.83333333,Large PDR Developments
40.4137931,Large PDR Developments
96.89250024,Large PDR Developments
59.76470588,Large PDR Developments
34.11764706,Large PDR Developments
16.74074074,Large PDR Developments
33.75961538,Large PDR Developments
48.44155844,Large PDR Developments
38.49473684,Large PDR Developments
42.13669065,Large PDR Developments
81.41666667,Large PDR Developments
60.14583333,Large PDR Developments
110,Large PDR Developments
37.76923077,Large PDR Developments
47.14035088,Large PDR Developments
53.69565217,Large PDR Developments
51.75,Large PDR Developments
24.21052632,Large PDR Developments
62.36842105,Large PDR Developments
58.56756757,Large PDR Developments
30.77456647,Large PDR Developments
23.1369863,Large PDR Developments
304.5,Large PDR Developments
77,Large PDR Developments
60.51351351,Large PDR Developments
51,Large PDR Developments
73.17647059,Large PDR Developments
44.81818182,Large PDR Developments
32.736,Large PDR Developments
60.10526316,Large PDR Developments
55.96610169,Large PDR Developments
66.125,Large PDR Developments
33.0754717,Large PDR Developments
101.7857143,Large PDR Developments
40.05932203,Large PDR Developments
68.5,Large PDR Developments
48.89516129,Large PDR Developments
43.79220779,Large PDR Developments
44.23529412,Large PDR Developments
31.40206186,Large PDR Developments
32.46153846,Large PDR Developments
40.342723,Large PDR Developments
51.49090909,Large PDR Developments