﻿PDR_type,percentage,buffer
Small PDR Developments,54.21052632,500
Small PDR Developments,65.59808612,600
Small PDR Developments,75.02392344,700
Small PDR Developments,83.3492823,800
Small PDR Developments,88.22966507,900
Small PDR Developments,91.05263158,1000
Small PDR Developments,98.22966507,1500
Large PDR Developments,62.56038647,500
Large PDR Developments,71.49758454,600
Large PDR Developments,79.71014493,700
Large PDR Developments,86.47342995,800
Large PDR Developments,89.37198068,900
Large PDR Developments,91.06280193,1000
Large PDR Developments,95.41062802,1500